legacyId,lemma,surface_zipf,decision,interpretation
s1047,bestuiven,1.6565323225307358,move to opt-in,SUBTLEX exact surface Zipf below editorial threshold 3; not lemma/sense rarity or a drop rule.
s1111,bestuiver,1.6565323225307358,move to opt-in,SUBTLEX exact surface Zipf below editorial threshold 3; not lemma/sense rarity or a drop rule.
s1219,akkerbouw,1.6565323225307358,move to opt-in,SUBTLEX exact surface Zipf below editorial threshold 3; not lemma/sense rarity or a drop rule.
s1225,areaal,1.6565323225307358,move to opt-in,SUBTLEX exact surface Zipf below editorial threshold 3; not lemma/sense rarity or a drop rule.
s1242,teler,1.6565323225307358,move to opt-in,SUBTLEX exact surface Zipf below editorial threshold 3; not lemma/sense rarity or a drop rule.
s1243,groeiseizoen,1.6565323225307358,move to opt-in,SUBTLEX exact surface Zipf below editorial threshold 3; not lemma/sense rarity or a drop rule.
s1254,dorsen,1.6565323225307358,move to opt-in,SUBTLEX exact surface Zipf below editorial threshold 3; not lemma/sense rarity or a drop rule.
s1010,zaailing,1.832623581586417,move to opt-in,SUBTLEX exact surface Zipf below editorial threshold 3; not lemma/sense rarity or a drop rule.
s1017,kweker,1.832623581586417,move to opt-in,SUBTLEX exact surface Zipf below editorial threshold 3; not lemma/sense rarity or a drop rule.
s1034,bestrijdingsmiddel,1.832623581586417,move to opt-in,SUBTLEX exact surface Zipf below editorial threshold 3; not lemma/sense rarity or a drop rule.
s1048,veredelen,1.832623581586417,move to opt-in,SUBTLEX exact surface Zipf below editorial threshold 3; not lemma/sense rarity or a drop rule.
s1081,potgrond,1.832623581586417,move to opt-in,SUBTLEX exact surface Zipf below editorial threshold 3; not lemma/sense rarity or a drop rule.
s1082,substraat,1.832623581586417,move to opt-in,SUBTLEX exact surface Zipf below editorial threshold 3; not lemma/sense rarity or a drop rule.
s1092,aaltje,1.832623581586417,move to opt-in,SUBTLEX exact surface Zipf below editorial threshold 3; not lemma/sense rarity or a drop rule.
s1163,kroket,1.832623581586417,fix,SUBTLEX exact surface Zipf below editorial threshold 3; not lemma/sense rarity or a drop rule.
s1222,fosfaat,1.832623581586417,move to opt-in,SUBTLEX exact surface Zipf below editorial threshold 3; not lemma/sense rarity or a drop rule.
s1236,zaadbank,1.832623581586417,move to opt-in,SUBTLEX exact surface Zipf below editorial threshold 3; not lemma/sense rarity or a drop rule.
s1240,houdbaarheid,1.832623581586417,fix,SUBTLEX exact surface Zipf below editorial threshold 3; not lemma/sense rarity or a drop rule.
s1384,cursist,1.832623581586417,keep,SUBTLEX exact surface Zipf below editorial threshold 3; not lemma/sense rarity or a drop rule.
s1702,postbezorger,1.832623581586417,fix,SUBTLEX exact surface Zipf below editorial threshold 3; not lemma/sense rarity or a drop rule.
s1164,frikandel,1.957562318194717,fix,SUBTLEX exact surface Zipf below editorial threshold 3; not lemma/sense rarity or a drop rule.
s1227,mijt,1.957562318194717,move to opt-in,SUBTLEX exact surface Zipf below editorial threshold 3; not lemma/sense rarity or a drop rule.
s1248,raszuiver,1.957562318194717,move to opt-in,SUBTLEX exact surface Zipf below editorial threshold 3; not lemma/sense rarity or a drop rule.
s1426,fietspad,1.957562318194717,keep,SUBTLEX exact surface Zipf below editorial threshold 3; not lemma/sense rarity or a drop rule.
s1110,moederplant,2.0544723312027733,move to opt-in,SUBTLEX exact surface Zipf below editorial threshold 3; not lemma/sense rarity or a drop rule.
s1223,humus,2.0544723312027733,move to opt-in,SUBTLEX exact surface Zipf below editorial threshold 3; not lemma/sense rarity or a drop rule.
s1245,resistent,2.0544723312027733,move to opt-in,SUBTLEX exact surface Zipf below editorial threshold 3; not lemma/sense rarity or a drop rule.
s1251,bemesten,2.0544723312027733,move to opt-in,SUBTLEX exact surface Zipf below editorial threshold 3; not lemma/sense rarity or a drop rule.
s1588,mbo,2.0544723312027733,keep,SUBTLEX exact surface Zipf below editorial threshold 3; not lemma/sense rarity or a drop rule.
s1045,kiemen,2.1336535772503984,move to opt-in,SUBTLEX exact surface Zipf below editorial threshold 3; not lemma/sense rarity or a drop rule.
s1072,zaaimachine,2.1336535772503984,move to opt-in,SUBTLEX exact surface Zipf below editorial threshold 3; not lemma/sense rarity or a drop rule.
s1088,bladluis,2.1336535772503984,move to opt-in,SUBTLEX exact surface Zipf below editorial threshold 3; not lemma/sense rarity or a drop rule.
s1224,bemesting,2.1336535772503984,move to opt-in,SUBTLEX exact surface Zipf below editorial threshold 3; not lemma/sense rarity or a drop rule.
s1244,oogstseizoen,2.1336535772503984,move to opt-in,SUBTLEX exact surface Zipf below editorial threshold 3; not lemma/sense rarity or a drop rule.
s1093,meeldauw,2.2006003668810115,move to opt-in,SUBTLEX exact surface Zipf below editorial threshold 3; not lemma/sense rarity or a drop rule.
s1098,vatbaarheid,2.2006003668810115,move to opt-in,SUBTLEX exact surface Zipf below editorial threshold 3; not lemma/sense rarity or a drop rule.
s1112,raszuiverheid,2.2006003668810115,move to opt-in,SUBTLEX exact surface Zipf below editorial threshold 3; not lemma/sense rarity or a drop rule.
s1218,tuinbouw,2.2006003668810115,move to opt-in,SUBTLEX exact surface Zipf below editorial threshold 3; not lemma/sense rarity or a drop rule.
s1263,uitdunnen,2.2006003668810115,move to opt-in,SUBTLEX exact surface Zipf below editorial threshold 3; not lemma/sense rarity or a drop rule.
s1655,openingstijd,2.2006003668810115,keep,SUBTLEX exact surface Zipf below editorial threshold 3; not lemma/sense rarity or a drop rule.
s1130,venkel,2.2585923138586983,fix,SUBTLEX exact surface Zipf below editorial threshold 3; not lemma/sense rarity or a drop rule.
s1131,asperge,2.2585923138586983,fix,SUBTLEX exact surface Zipf below editorial threshold 3; not lemma/sense rarity or a drop rule.
s1689,pinpas,2.2585923138586983,keep,SUBTLEX exact surface Zipf below editorial threshold 3; not lemma/sense rarity or a drop rule.
s1004,variëteit,2.3097448363060797,fix,SUBTLEX exact surface Zipf below editorial threshold 3; not lemma/sense rarity or a drop rule.
s1006,teelt,2.3097448363060797,move to opt-in,SUBTLEX exact surface Zipf below editorial threshold 3; not lemma/sense rarity or a drop rule.
s1023,meststof,2.3097448363060797,move to opt-in,SUBTLEX exact surface Zipf below editorial threshold 3; not lemma/sense rarity or a drop rule.
s1261,enten,2.3097448363060797,move to opt-in,SUBTLEX exact surface Zipf below editorial threshold 3; not lemma/sense rarity or a drop rule.
s1069,drainage,2.3555023268667545,move to opt-in,SUBTLEX exact surface Zipf below editorial threshold 3; not lemma/sense rarity or a drop rule.
s1602,meubel,2.3555023268667545,fix,SUBTLEX exact surface Zipf below editorial threshold 3; not lemma/sense rarity or a drop rule.
s1927,zebrapad,2.3555023268667545,keep,SUBTLEX exact surface Zipf below editorial threshold 3; not lemma/sense rarity or a drop rule.
s1228,aantasting,2.4346835729143796,move to opt-in,SUBTLEX exact surface Zipf below editorial threshold 3; not lemma/sense rarity or a drop rule.
s1037,ontsmetting,2.4694456791735915,move to opt-in,SUBTLEX exact surface Zipf below editorial threshold 3; not lemma/sense rarity or a drop rule.
s1123,prei,2.4694456791735915,fix,SUBTLEX exact surface Zipf below editorial threshold 3; not lemma/sense rarity or a drop rule.
s1255,irrigeren,2.4694456791735915,move to opt-in,SUBTLEX exact surface Zipf below editorial threshold 3; not lemma/sense rarity or a drop rule.
s1300,afmelden,2.4694456791735915,fix,SUBTLEX exact surface Zipf below editorial threshold 3; not lemma/sense rarity or a drop rule.
s1771,sollicitatiebrief,2.5016303625449927,keep,SUBTLEX exact surface Zipf below editorial threshold 3; not lemma/sense rarity or a drop rule.
s1077,gieter,2.531593585922436,fix,SUBTLEX exact surface Zipf below editorial threshold 3; not lemma/sense rarity or a drop rule.
s1055,tros,2.5596223095226796,move to opt-in,SUBTLEX exact surface Zipf below editorial threshold 3; not lemma/sense rarity or a drop rule.
s1073,schoffel,2.5596223095226796,move to opt-in,SUBTLEX exact surface Zipf below editorial threshold 3; not lemma/sense rarity or a drop rule.
s1125,courgette,2.5596223095226796,fix,SUBTLEX exact surface Zipf below editorial threshold 3; not lemma/sense rarity or a drop rule.
s1214,rank,2.5596223095226796,move to opt-in,SUBTLEX exact surface Zipf below editorial threshold 3; not lemma/sense rarity or a drop rule.
s1013,stengel,2.5859512482450286,fix,SUBTLEX exact surface Zipf below editorial threshold 3; not lemma/sense rarity or a drop rule.
s1018,kwekerij,2.5859512482450286,move to opt-in,SUBTLEX exact surface Zipf below editorial threshold 3; not lemma/sense rarity or a drop rule.
s1068,irrigatie,2.5859512482450286,move to opt-in,SUBTLEX exact surface Zipf below editorial threshold 3; not lemma/sense rarity or a drop rule.
s1099,insecticide,2.5859512482450286,move to opt-in,SUBTLEX exact surface Zipf below editorial threshold 3; not lemma/sense rarity or a drop rule.
s1675,pasfoto,2.5859512482450286,keep,SUBTLEX exact surface Zipf below editorial threshold 3; not lemma/sense rarity or a drop rule.
s1065,compost,2.6107748319700605,fix,SUBTLEX exact surface Zipf below editorial threshold 3; not lemma/sense rarity or a drop rule.
s1056,stuifmeel,2.6342559278195834,move to opt-in,SUBTLEX exact surface Zipf below editorial threshold 3; not lemma/sense rarity or a drop rule.
s1128,radijs,2.6342559278195834,fix,SUBTLEX exact surface Zipf below editorial threshold 3; not lemma/sense rarity or a drop rule.
s1211,aar,2.6342559278195834,move to opt-in,SUBTLEX exact surface Zipf below editorial threshold 3; not lemma/sense rarity or a drop rule.
s1868,vertrektijd,2.6342559278195834,keep,SUBTLEX exact surface Zipf below editorial threshold 3; not lemma/sense rarity or a drop rule.
s1038,invoer,2.656532322530736,fix,SUBTLEX exact surface Zipf below editorial threshold 3; not lemma/sense rarity or a drop rule.
s1053,spruit,2.656532322530736,move to opt-in,SUBTLEX exact surface Zipf below editorial threshold 3; not lemma/sense rarity or a drop rule.
s1252,verpakken,2.656532322530736,fix,SUBTLEX exact surface Zipf below editorial threshold 3; not lemma/sense rarity or a drop rule.
s1064,turf,2.677721621600674,move to opt-in,SUBTLEX exact surface Zipf below editorial threshold 3; not lemma/sense rarity or a drop rule.
s1129,selderij,2.677721621600674,fix,SUBTLEX exact surface Zipf below editorial threshold 3; not lemma/sense rarity or a drop rule.
s1472,gum,2.6979250076889607,keep,SUBTLEX exact surface Zipf below editorial threshold 3; not lemma/sense rarity or a drop rule.
s1039,uitvoer,2.7357135685783605,fix,SUBTLEX exact surface Zipf below editorial threshold 3; not lemma/sense rarity or a drop rule.
s1256,besproeien,2.7357135685783605,move to opt-in,SUBTLEX exact surface Zipf below editorial threshold 3; not lemma/sense rarity or a drop rule.
s1259,wieden,2.7357135685783605,move to opt-in,SUBTLEX exact surface Zipf below editorial threshold 3; not lemma/sense rarity or a drop rule.
s1676,paskamer,2.7357135685783605,keep,SUBTLEX exact surface Zipf below editorial threshold 3; not lemma/sense rarity or a drop rule.
s1054,scheut,2.753442335538792,move to opt-in,SUBTLEX exact surface Zipf below editorial threshold 3; not lemma/sense rarity or a drop rule.
s1120,bloemkool,2.753442335538792,fix,SUBTLEX exact surface Zipf below editorial threshold 3; not lemma/sense rarity or a drop rule.
s1132,erwt,2.753442335538792,fix,SUBTLEX exact surface Zipf below editorial threshold 3; not lemma/sense rarity or a drop rule.
s1075,spade,2.7704756748375727,fix,SUBTLEX exact surface Zipf below editorial threshold 3; not lemma/sense rarity or a drop rule.
s1043,telen,2.786866091025742,move to opt-in,SUBTLEX exact surface Zipf below editorial threshold 3; not lemma/sense rarity or a drop rule.
s1917,werktijden,2.786866091025742,fix,SUBTLEX exact surface Zipf below editorial threshold 3; not lemma/sense rarity or a drop rule.
s1212,loof,2.802660358208974,move to opt-in,SUBTLEX exact surface Zipf below editorial threshold 3; not lemma/sense rarity or a drop rule.
s1579,maandelijks,2.802660358208974,fix,SUBTLEX exact surface Zipf below editorial threshold 3; not lemma/sense rarity or a drop rule.
s1418,e-mailadres,2.8179003247657106,keep,SUBTLEX exact surface Zipf below editorial threshold 3; not lemma/sense rarity or a drop rule.
s1005,gewas,2.832623581586417,move to opt-in,SUBTLEX exact surface Zipf below editorial threshold 3; not lemma/sense rarity or a drop rule.
s1022,perceel,2.846864020701027,move to opt-in,SUBTLEX exact surface Zipf below editorial threshold 3; not lemma/sense rarity or a drop rule.
s1062,akker,2.846864020701027,move to opt-in,SUBTLEX exact surface Zipf below editorial threshold 3; not lemma/sense rarity or a drop rule.
s1127,aubergine,2.846864020701027,fix,SUBTLEX exact surface Zipf below editorial threshold 3; not lemma/sense rarity or a drop rule.
s1599,menukaart,2.874016266744642,keep,SUBTLEX exact surface Zipf below editorial threshold 3; not lemma/sense rarity or a drop rule.
s1052,kiem,2.88698124390901,move to opt-in,SUBTLEX exact surface Zipf below editorial threshold 3; not lemma/sense rarity or a drop rule.
s1135,biet,2.88698124390901,fix,SUBTLEX exact surface Zipf below editorial threshold 3; not lemma/sense rarity or a drop rule.
s1260,snoeien,2.88698124390901,fix,SUBTLEX exact surface Zipf below editorial threshold 3; not lemma/sense rarity or a drop rule.
s1703,postcode,2.88698124390901,keep,SUBTLEX exact surface Zipf below editorial threshold 3; not lemma/sense rarity or a drop rule.
s1582,mailen,2.911804827634042,keep,SUBTLEX exact surface Zipf below editorial threshold 3; not lemma/sense rarity or a drop rule.
s1086,gaas,2.9237040509337495,move to opt-in,SUBTLEX exact surface Zipf below editorial threshold 3; not lemma/sense rarity or a drop rule.
s1143,chill,2.9237040509337495,move to opt-in,SUBTLEX exact surface Zipf below editorial threshold 3; not lemma/sense rarity or a drop rule.
s1398,dijk,2.9237040509337495,keep,SUBTLEX exact surface Zipf below editorial threshold 3; not lemma/sense rarity or a drop rule.
s1688,pincode,2.9237040509337495,keep,SUBTLEX exact surface Zipf below editorial threshold 3; not lemma/sense rarity or a drop rule.
s1049,ontsmetten,2.9352859234835647,move to opt-in,SUBTLEX exact surface Zipf below editorial threshold 3; not lemma/sense rarity or a drop rule.
s1863,verpleegkundige,2.957562318194717,fix,SUBTLEX exact surface Zipf below editorial threshold 3; not lemma/sense rarity or a drop rule.
s1257,sorteren,2.96828618358649,fix,SUBTLEX exact surface Zipf below editorial threshold 3; not lemma/sense rarity or a drop rule.
s1012,knol,2.978751617264655,move to opt-in,SUBTLEX exact surface Zipf below editorial threshold 3; not lemma/sense rarity or a drop rule.
s1161,lummelen,2.978751617264655,move to opt-in,SUBTLEX exact surface Zipf below editorial threshold 3; not lemma/sense rarity or a drop rule.
s1481,hbo,2.978751617264655,keep,SUBTLEX exact surface Zipf below editorial threshold 3; not lemma/sense rarity or a drop rule.
s1758,sieraad,2.988970782446341,keep,SUBTLEX exact surface Zipf below editorial threshold 3; not lemma/sense rarity or a drop rule.
s1137,selecteren,2.998955003352942,fix,SUBTLEX exact surface Zipf below editorial threshold 3; not lemma/sense rarity or a drop rule.
s1790,stofzuigen,2.998955003352942,keep,SUBTLEX exact surface Zipf below editorial threshold 3; not lemma/sense rarity or a drop rule.
